{"Camera matrix": [[826.7418958032129, 0.0, 318.0004693281255], [0.0, 826.405618199233, 215.51109790408097], [0.0, 0.0, 1.0]], "Distortion": [[-0.12177956414337217, 0.09874286110014018, 0.0004178214749233104, -0.0006766919516254605, 0.5400178544972444]]}